{
  "P_2": 10246558331.932587,
  "D_39": 818774811.2265015,
  "B_1": 6868122156.313477,
  "B_2": 198692389.96554565,
  "R_1": 56420556.208984375,
  "S_3": 95532662.21076202,
  "D_41": 546985162.500473,
  "B_3": 13151701134.636993,
  "D_43": 5714710051.433334,
  "D_44": 2487208961.385376,
  "B_4": 82552750.9317627,
  "D_45": 1450036698.246811,
  "B_5": 1038080914.6015625,
  "R_2": 22892849.182800293,
  "D_46": 929472295.5164337,
  "D_47": 36328319.12200928,
  "D_48": 2367085373.2473145,
  "B_6": 82572599.52600098,
  "B_7": 22769.900390625,
  "B_8": 5189830080.0,
  "D_50": 63786516.5300293,
  "D_51": 637664.099609375,
  "B_9": 6066660045.573685,
  "R_3": 72022460.29047394,
  "D_52": 1939598.1015625,
  "P_3": 440920624.3474121,
  "B_10": 1737600.0,
  "S_5": 22049850.0,
  "B_11": 22813003082.613068,
  "S_6": 11332590.0,
  "D_54": 25296370.0,
  "R_4": 411836145.0515137,
  "S_7": 53942082.108566284,
  "B_12": 2573993.1015625,
  "S_8": 6738604.890014648,
  "D_55": 220538402.0,
  "D_56": 38928260.8026886,
  "B_13": 458396992.0,
  "R_5": 116480174.80078125,
  "D_58": 20502640.0,
  "S_9": 7860420.0,
  "B_14": 8515855772.800781,
  "D_59": 47700915.0,
  "D_60": 3765880.0,
  "D_61": 287291.6779785156,
  "B_15": 103533642.0,
  "S_11": 1303620.0,
  "D_62": 1718290.0,
  "D_63": 0.0,
  "D_64": 0.0,
  "D_65": 4403155.0,
  "B_16": 3418290.0,
  "B_17": 225832950.0,
  "B_18": 12357910.0,
  "B_19": 2386273758.3135376,
  "B_20": 18980868192.0,
  "D_68": 0.0,
  "S_12": 2602442.0,
  "R_6": 610081474.0,
  "S_13": 839010.0,
  "B_21": 5690500.0,
  "D_69": 49525980.0,
  "B_22": 5712411.0,
  "D_70": 614059.9874267578,
  "D_71": 627069.0,
  "D_72": 804414.5,
  "S_15": 190600.0,
  "B_23": 580600.2420043945,
  "P_4": 2528427032.0,
  "D_74": 122393237.0,
  "D_75": 609499086.7089844,
  "B_24": 29917420.0,
  "R_7": 6557436275.358276,
  "D_77": 13018141.184997559,
  "B_25": 13682823346.562988,
  "B_26": 343063440.6015625,
  "D_78": 34648800.0,
  "D_79": 28033129.78100586,
  "R_8": 26706180.0,
  "S_16": 3745593.328979492,
  "D_80": 463888673.2941284,
  "R_10": 7604620.0,
  "R_11": 10196509.0,
  "D_81": 1570700.0,
  "S_17": 0.0,
  "R_12": 0.0,
  "B_28": 155671812.0,
  "D_83": 0.0,
  "R_14": 2007271.6580200195,
  "R_15": 9101869.0,
  "D_84": 39090019.0,
  "R_16": 0.0,
  "B_30": 2196431936.0,
  "S_18": 1214610.0,
  "D_86": 22620505.951538086,
  "R_18": 138820992.0,
  "B_31": 0.0,
  "S_19": 138402750.0,
  "R_19": 0.0,
  "B_32": 0.0,
  "S_20": 0.0,
  "R_20": 1251639.0,
  "R_21": 0.0,
  "B_33": 0.0,
  "D_89": 123837.0,
  "R_22": 635555.0,
  "R_23": 100388570.0,
  "D_91": 89537.22412109375,
  "D_92": 0.0,
  "D_93": 135154.0,
  "D_94": 1611490.0,
  "R_24": 107553000.0,
  "R_25": 151317564.0,
  "D_96": 3293746.5,
  "S_22": 742742.5,
  "S_23": 62514154.74038696,
  "S_24": 3827335.0,
  "S_25": 7073519597.908035,
  "S_26": 4573172.3984375,
  "D_102": 0.0,
  "D_103": 1382000.0,
  "D_104": 0.0,
  "D_105": 40821200.0,
  "D_107": 15106050.0,
  "B_36": 10320420.0,
  "B_37": 852153925.3623657,
  "R_27": 63263501.20098877,
  "B_38": 30635994.0,
  "D_109": 8070691.6015625,
  "D_112": 14907355.24898529,
  "B_40": 26078899.0,
  "S_27": 3859604.0,
  "D_113": 8874346.0,
  "D_114": 10482299904.0,
  "D_115": 35605.1015625,
  "D_116": 0.0,
  "D_117": 0.0,
  "D_118": 1766855.9260253906,
  "D_119": 7611647.0,
  "D_120": 0.0,
  "D_121": 1420403.0,
  "D_122": 2773498.0,
  "D_123": 5306560.0,
  "D_124": 18143940.0,
  "D_125": 0.0,
  "D_126": 0.0,
  "D_127": 41226320.0,
  "D_128": 68035027.0,
  "D_129": 255461.62460327148,
  "B_41": 5189066.072021484,
  "D_130": 19913569.3984375,
  "D_131": 969136404.7280045,
  "D_133": 54027.0,
  "R_28": 383358.0,
  "D_139": 0.0,
  "D_140": 13645862.0,
  "D_141": 480346.0,
  "D_143": 2488220.0,
  "D_144": 2601800.0,
  "D_145": 1518364.0,
  "ratio_B_38_B_33": 55256303.0,
  "ratio_R_2_B_18": 126293170.35842896,
  "ratio_B_30_D_112": 265879984.0,
  "ratio_B_16_B_2": 62002000.0,
  "ratio_R_4_D_54": 524341.8677978516,
  "ratio_R_1_R_27": 414040091.22774506,
  "ratio_B_8_D_127": 281569574.8738556,
  "ratio_R_10_D_114": 573784.0,
  "ratio_B_20_D_68": 1017980.0,
  "ratio_D_39_R_12": 1868612.660003662
}