{
  "P_2": 11532165361.332237,
  "D_39": 1294087834.8476715,
  "B_1": 66244295.896362305,
  "B_2": 318992878.23654175,
  "R_1": 298126523.86343384,
  "S_3": 5240195360.3856735,
  "D_41": 7266466347.433189,
  "B_3": 90747057.1636734,
  "D_43": 23622852189.676933,
  "D_44": 16392879181.717926,
  "B_4": 6429656.494125366,
  "D_45": 13029104.472190857,
  "B_5": 14157748.80078125,
  "R_2": 521125124.0706787,
  "D_46": 1382319130.4976501,
  "D_47": 188343336.5819702,
  "D_48": 220325426.29785156,
  "B_6": 33521.16564941406,
  "B_7": 3698924.382751465,
  "B_8": 52249879487.29004,
  "D_50": 428161.52294921875,
  "D_51": 5203576.786010742,
  "B_9": 60329557.419036865,
  "R_3": 92038473.42176056,
  "D_52": 19394100.0,
  "P_3": 228460969.02435303,
  "B_10": 1533337.7700195312,
  "S_5": 5299112.751953125,
  "B_11": 6985865500.084076,
  "S_6": 6906704.1015625,
  "D_54": 945550.0,
  "R_4": 983659952.7907715,
  "S_7": 485931.28590393066,
  "B_12": 4242120.0,
  "S_8": 3979123.1015625,
  "D_55": 45288917.8984375,
  "D_56": 14375554.435409546,
  "B_13": 17993.599609375,
  "R_5": 36961600.0,
  "D_58": 624671.0,
  "S_9": 0.0,
  "B_14": 48662876.216308594,
  "D_59": 6778671.850097656,
  "D_60": 947672748.0,
  "D_61": 378709263.29989624,
  "B_15": 115913580.0,
  "S_11": 0.0,
  "D_62": 0.0,
  "D_63": 0.0,
  "D_64": 0.0,
  "D_65": 39381780.22998047,
  "B_16": 7552529.796875,
  "B_17": 0.0,
  "B_18": 4902305411.984009,
  "B_19": 1576300413.211975,
  "B_20": 11416185.0,
  "D_68": 0.0,
  "S_12": 286943.0,
  "R_6": 15170559.30078125,
  "S_13": 68931904.0,
  "B_21": 356906.0302734375,
  "D_69": 37536628.85986328,
  "B_22": 96721488.3984375,
  "D_70": 476703064.5996094,
  "D_71": 157277854.09960938,
  "D_72": 91409600.0,
  "S_15": 268795.31701660156,
  "B_23": 10115000.0,
  "P_4": 6390840.0,
  "D_74": 1091271540.0,
  "D_75": 59678307.708984375,
  "B_24": 285217.0,
  "R_7": 5034500993.400391,
  "D_77": 67005.6439819336,
  "B_25": 26622.46502685547,
  "B_26": 2717463.0,
  "D_78": 17224437677.0,
  "D_79": 6397815.90637207,
  "R_8": 12473751.0,
  "S_16": 2339321.0,
  "D_80": 304180037.9199219,
  "R_10": 48409475.66918945,
  "R_11": 35732784.203125,
  "B_27": 22550669.6015625,
  "D_81": 2386329.0,
  "S_17": 6183813.0,
  "R_12": 0.0,
  "B_28": 0.0,
  "R_13": 3310658.0,
  "D_83": 12549735.040039062,
  "R_14": 9283.7998046875,
  "R_15": 34707687.400390625,
  "D_84": 1848319.0200195312,
  "R_16": 7187576397.890015,
  "B_30": 1041525.0,
  "S_18": 28124.599609375,
  "D_86": 18899980.0,
  "R_17": 57441.3994140625,
  "R_18": 16540.30078125,
  "B_31": 0.0,
  "S_19": 316851.2440185547,
  "R_19": 9148855.136230469,
  "B_32": 475577.9699707031,
  "S_20": 130681.25,
  "R_20": 113640957.5,
  "R_21": 7341657.930053711,
  "B_33": 15796.400390625,
  "D_89": 0.0,
  "R_22": 401515.0,
  "R_23": 0.0,
  "D_91": 7666460.0,
  "D_92": 3050998.0,
  "D_93": 2288040.0,
  "D_94": 75012.796875,
  "R_24": 647.52099609375,
  "R_25": 344248302.0,
  "D_96": 56467900.0,
  "S_22": 59387579.5,
  "S_23": 532763859.31282043,
  "S_24": 1664916.0,
  "S_25": 943475.0803833008,
  "S_26": 32606.30078125,
  "D_102": 24520870.162994385,
  "D_103": 4966408171.790039,
  "D_104": 20860628.0,
  "D_105": 149328992.0,
  "D_107": 10403.0,
  "B_36": 286684.0,
  "B_37": 1659887979.364624,
  "R_27": 15016571.25011444,
  "B_38": 0.0,
  "D_109": 3652964.759765625,
  "D_112": 274683567.08004,
  "B_40": 3084780.6795654297,
  "S_27": 157434.0799560547,
  "D_113": 0.0,
  "D_114": 0.0,
  "D_115": 653.676025390625,
  "D_116": 0.0,
  "D_117": 28618.099609375,
  "D_118": 606022.0,
  "D_119": 597730.0,
  "D_120": 653.7490234375,
  "D_121": 73403.400390625,
  "D_122": 90012.39001464844,
  "D_123": 16461900.0,
  "D_124": 9127146.6015625,
  "D_125": 0.0,
  "D_126": 0.0,
  "D_127": 5897091.1015625,
  "D_128": 17807880.0,
  "D_129": 869899179.6246033,
  "B_41": 5302186.7998046875,
  "D_130": 217118.0,
  "D_131": 1336770.4609146118,
  "D_133": 636.489990234375,
  "R_28": 23029.400390625,
  "D_139": 243296.6015625,
  "D_140": 119563208.79980469,
  "D_141": 7776.10009765625,
  "D_143": 7176284433.0,
  "D_144": 121039386.11010742,
  "D_145": 419690470.0,
  "S_2_day": 822000.0,
  "S_2_month": 0.0,
  "S_2_year": 0.0,
  "ratio_B_38_B_33": 10457872.989990234,
  "ratio_R_2_B_18": 9324579177.074799,
  "ratio_B_30_D_112": 41216773.0,
  "ratio_B_16_B_2": 4619467609.910156,
  "ratio_R_4_D_54": 10655457.320800781
}